case,max_vuf_error_percent,max_p_balance_residual_mw,max_q_balance_residual_mvar,max_current_error_ka,max_loading_error_percent
base_initial,1.1823875212257917e-14,1.9358042061684566e-09,4.951405899872308e-10,1.3877787807814457e-17,7.105427357601002e-15
base,1.1823875212257917e-14,1.9358042061684566e-09,4.951405899872308e-10,1.3877787807814457e-17,7.105427357601002e-15
high_load,1.554312234475219e-14,3.0318971847020926e-09,5.894273675914607e-10,5.551115123125783e-17,7.105427357601002e-15
phase_b_heavy_load,7.549516567451064e-15,3.3781368466434536e-09,6.110995615787873e-10,8.326672684688674e-17,1.7763568394002505e-15
single_phase_pv_a,1.3322676295501878e-14,2.7561870338116412e-09,4.2158604558750756e-10,2.7755575615628914e-17,3.552713678800501e-15
stress_unbalance,1.5987211554602254e-14,6.563187618380262e-09,1.2507434159550468e-09,5.551115123125783e-17,2.842170943040401e-14
balanced_runpp_vs_runpp3ph,,,,,5.187360585523493e-08
