case,max_vuf_error_percent,max_p_balance_residual_mw,max_q_balance_residual_mvar,max_current_error_ka,max_loading_error_percent
base_initial,9.43689570931383e-15,1.93580343421651e-09,4.951406203448916e-10,2.7755575615628914e-17,7.105427357601002e-15
base,9.43689570931383e-15,1.93580343421651e-09,4.951406203448916e-10,2.7755575615628914e-17,7.105427357601002e-15
high_load,7.327471962526033e-15,3.0318973338883115e-09,5.894273062256178e-10,2.7755575615628914e-17,3.552713678800501e-15
phase_b_heavy_load,1.0325074129013956e-14,3.3781366350071895e-09,6.110996006100655e-10,8.326672684688674e-17,1.4210854715202004e-14
single_phase_pv_a,1.2434497875801753e-14,2.756186518598769e-09,4.215860356128476e-10,2.7755575615628914e-17,3.552713678800501e-15
stress_unbalance,1.2434497875801753e-14,6.563187764097034e-09,1.250743438506452e-09,5.551115123125783e-17,0.0
balanced_runpp_vs_runpp3ph,,,,,5.187357032809814e-08
