,count,mean,std,min,25%,50%,75%,max
target_vlow_margin,77.0,0.002247245481654172,0.00858372703443337,0.0,0.0,0.0,0.0,0.03494310751691318
target_vhigh_margin,77.0,0.0,0.0,0.0,0.0,0.0,0.0,0.0
target_loading_margin,77.0,0.029192487691327717,0.11150489969179544,0.0,0.0,0.0,0.0,0.45281227721990813
target_vuf_margin,77.0,0.0,0.0,0.0,0.0,0.0,0.0,0.0
target_service_margin,77.0,0.5454545454545454,0.5011947448335865,0.0,0.0,1.0,1.0,1.0
target_pi_severity,77.0,0.5746470331458732,0.4810032575477645,0.0,0.0,1.0,1.0,1.0
